region,temperature,humidity,wind_speed,pm25,rainfall
West,32.8,76.9,11.4,92.4,23.4
South,28.5,78.2,15.2,87.9,11.7
East,32.8,77.3,21.1,55.1,9.7
South,23.9,82.5,22.2,69.9,0.9
East,27.9,83.6,2.8,104.9,17.3
North,29.5,75.4,16.9,67.8,3.5
West,26.5,81.7,6.8,78.5,22.2
North,31.6,74.5,7.1,93.1,9.4
South,29.6,78.6,9.0,88.5,19.4
West,25.1,85.6,8.7,86.0,7.0
North,34.3,69.9,6.4,88.4,3.2
West,30.8,76.3,0.1,110.5,9.4
South,23.8,,19.0,57.0,3.2
South,23.7,88.6,16.2,,15.1
West,26.9,81.3,11.7,95.3,10.6
West,30.2,72.4,6.9,82.3,8.9
West,16.9,94.2,17.9,58.3,11.3
East,24.0,89.2,11.4,86.1,2.8
North,25.1,75.9,8.9,85.1,6.1
East,20.8,81.1,3.5,76.1,28.9
East,22.9,82.6,14.4,78.1,3.3
West,28.7,78.4,10.1,76.7,5.0
East,25.6,70.2,13.1,76.3,6.7
South,25.9,,12.6,65.6,2.0
South,21.1,87.6,14.9,,11.5
East,26.9,67.6,12.8,71.7,2.4
West,20.5,82.7,10.2,84.9,15.4
South,35.3,69.8,14.5,77.0,17.2
South,36.7,59.3,16.5,71.6,11.5
West,25.6,89.1,19.5,65.7,19.0
West,22.4,88.3,6.1,74.9,8.1
South,32.3,79.3,17.3,89.2,2.5
North,31.0,70.7,3.8,99.0,16.8
East,37.4,71.6,16.8,70.6,4.7
North,38.7,63.6,8.8,89.4,6.9
North,17.9,91.4,16.0,62.6,4.6
East,33.8,75.6,19.2,78.6,3.3
South,26.9,81.3,12.9,66.8,11.2
North,30.7,82.0,11.8,77.4,9.7
South,31.9,76.6,11.5,82.0,1.8
East,31.7,,9.6,101.5,5.0
West,33.0,79.5,17.6,81.1,29.6
West,25.2,90.1,11.5,93.1,15.3
South,23.2,86.6,1.1,96.7,5.4
East,33.9,,16.4,88.6,6.7
South,23.6,84.2,16.2,79.3,9.8
East,37.3,68.5,12.2,92.4,5.7
North,24.2,85.0,8.1,91.0,23.9
South,26.1,81.9,6.2,82.5,13.3
South,27.0,79.7,8.1,103.8,15.5
East,20.3,85.4,13.0,67.8,17.9
South,20.3,83.7,2.8,96.3,13.6
South,32.6,75.6,14.1,84.6,13.5
East,19.4,97.9,12.4,57.1,26.7
East,40.6,70.2,18.4,75.1,13.0
South,27.5,83.3,15.5,73.0,3.4
West,22.9,94.1,8.4,80.4,32.1
West,30.1,78.0,3.5,96.6,1.4
East,15.7,89.2,7.9,91.7,14.1
East,26.3,80.3,18.9,55.0,10.1
East,27.0,81.3,13.5,61.9,6.3
North,21.7,84.9,15.0,61.5,17.8
South,24.8,87.9,8.9,89.6,8.9
West,35.6,76.9,14.4,88.1,12.6
East,28.9,68.9,4.4,100.4,2.5
North,30.0,77.1,16.7,79.8,18.3
North,24.1,67.7,6.2,89.4,15.0
West,21.4,87.8,2.1,87.7,10.1
East,26.8,81.2,23.3,45.4,4.2
South,15.7,100.0,12.7,,24.8
West,22.5,95.8,12.5,70.7,1.9
North,21.7,93.5,2.7,100.0,11.2
West,17.8,86.9,15.1,66.4,7.8
West,31.2,70.4,16.4,72.4,10.8
South,27.3,74.6,11.0,69.3,6.6
South,24.9,93.3,16.4,92.8,20.0
North,31.4,70.9,17.9,61.1,2.9
West,19.8,88.0,14.6,67.8,21.9
East,21.3,83.1,1.2,104.7,8.6
South,33.6,66.1,6.2,94.8,4.9
North,39.4,68.7,20.4,62.6,10.4
South,31.4,77.2,12.4,88.4,15.9
South,30.4,,12.4,66.0,6.2
South,25.1,76.1,7.8,101.8,7.9
West,25.2,85.3,8.8,85.4,4.9
South,29.1,78.6,18.0,64.8,1.4
North,34.9,69.8,19.5,54.7,4.9
West,30.1,81.5,16.0,60.6,9.4
East,32.8,66.0,14.8,76.2,5.6
North,23.4,82.3,15.1,87.4,7.0
East,31.1,79.8,11.6,83.9,3.2
South,24.6,80.5,6.0,91.2,3.7
East,28.7,81.4,4.9,97.0,3.2
South,31.1,69.8,18.6,91.4,8.3
North,25.3,78.6,11.8,72.2,12.3
East,22.9,75.8,14.4,85.2,9.2
North,29.8,65.9,13.1,73.8,10.7
North,27.3,78.4,13.3,68.2,3.6
North,28.7,82.3,13.7,74.7,9.1
South,31.3,75.8,15.5,73.2,5.7
West,34.5,79.5,8.2,96.9,7.8
East,31.3,,17.9,46.0,1.9
East,30.7,64.5,8.3,89.4,2.5
East,25.5,,13.2,68.0,9.9
North,26.3,76.0,6.1,81.6,4.4
West,30.3,78.4,11.2,68.9,4.8
North,26.2,68.9,8.7,79.9,6.3
North,30.3,76.0,12.1,74.8,12.0
East,23.9,89.5,15.7,63.5,18.1
South,37.6,72.3,12.4,69.0,1.4
North,29.0,77.7,21.8,60.5,5.6
South,28.6,79.3,16.0,63.0,10.1
South,25.6,80.3,10.9,62.4,12.3
East,37.6,67.1,11.6,81.4,12.7
West,21.7,91.7,13.9,61.9,13.0
South,24.5,80.1,15.5,69.0,5.0
South,32.3,71.4,5.8,88.5,8.9
North,29.2,69.5,15.2,58.5,7.9
West,25.1,87.7,6.0,79.3,3.2
East,25.3,81.8,14.7,53.5,4.6
South,26.5,74.6,17.5,77.6,10.1
North,28.5,84.7,13.5,88.8,16.1
West,35.8,70.5,0.4,122.1,4.8
North,31.0,72.0,3.1,92.7,26.8
North,33.1,79.3,14.8,89.8,0.4
West,25.8,80.6,0.3,104.2,8.5
South,30.6,67.6,15.0,66.1,7.8
West,20.2,95.2,16.9,56.0,20.6
East,28.9,73.9,17.7,,4.5
East,28.6,97.5,10.8,82.3,6.9
West,37.1,66.5,14.2,84.9,4.8
North,35.8,58.6,13.0,82.5,12.2
South,26.7,,4.6,88.6,21.7
South,23.9,84.6,15.7,81.2,6.8
East,24.1,86.3,19.0,60.2,4.3
South,26.5,84.1,15.4,68.6,4.3
West,34.5,64.1,9.5,86.5,2.0
East,30.1,64.6,15.7,71.5,16.4
West,30.6,88.7,18.5,53.9,9.5
West,32.1,65.8,17.8,60.0,13.3
East,23.0,95.9,17.1,88.6,8.4
South,24.5,87.5,4.0,75.0,35.9
East,30.6,78.0,14.0,79.2,14.0
South,24.1,81.9,15.2,72.3,11.2
South,20.4,100.0,17.2,72.0,15.8
North,22.6,82.4,14.6,,3.9
West,33.3,69.8,19.8,86.0,5.1
East,26.1,86.4,2.9,97.6,17.2
North,29.1,74.7,14.8,87.2,8.2
South,22.8,80.2,14.4,79.9,13.2
