sample_id,GENE001,GENE002,GENE003,GENE004,GENE005,GENE006,GENE007,GENE008,GENE009,GENE010,GENE011,GENE012,GENE013,GENE014,GENE015,GENE016,GENE017,GENE018,GENE019,GENE020,GENE021,GENE022,GENE023,GENE024,GENE025,GENE026,GENE027,GENE028,GENE029,GENE030,GENE031,GENE032,GENE033,GENE034,GENE035,GENE036,GENE037,GENE038,GENE039,GENE040,GENE041,GENE042,GENE043,GENE044,GENE045,GENE046,GENE047,GENE048,GENE049,GENE050,GENE051,GENE052,GENE053,GENE054,GENE055,GENE056,GENE057,GENE058,GENE059,GENE060,GENE061,GENE062,GENE063,GENE064,GENE065,GENE066,GENE067,GENE068,GENE069,GENE070,GENE071,GENE072,GENE073,GENE074,GENE075,GENE076,GENE077,GENE078,GENE079,GENE080,GENE081,GENE082,GENE083,GENE084,GENE085,GENE086,GENE087,GENE088,GENE089,GENE090,GENE091,GENE092,GENE093,GENE094,GENE095,GENE096,GENE097,GENE098,GENE099,GENE100,GENE101,GENE102,GENE103,GENE104,GENE105,GENE106,GENE107,GENE108,GENE109,GENE110,GENE111,GENE112,GENE113,GENE114,GENE115,GENE116,GENE117,GENE118,GENE119,GENE120,GENE121,GENE122,GENE123,GENE124,GENE125,GENE126,GENE127,GENE128,GENE129,GENE130,GENE131,GENE132,GENE133,GENE134,GENE135,GENE136,GENE137,GENE138,GENE139,GENE140,GENE141,GENE142,GENE143,GENE144,GENE145,GENE146,GENE147,GENE148,GENE149,GENE150,GENE151,GENE152,GENE153,GENE154,GENE155,GENE156,GENE157,GENE158,GENE159,GENE160,GENE161,GENE162,GENE163,GENE164,GENE165,GENE166,GENE167,GENE168,GENE169,GENE170,GENE171,GENE172,GENE173,GENE174,GENE175,GENE176,GENE177,GENE178,GENE179,GENE180,GENE181,GENE182,GENE183,GENE184,GENE185,GENE186,GENE187,GENE188,GENE189,GENE190,GENE191,GENE192,GENE193,GENE194,GENE195,GENE196,GENE197,GENE198,GENE199,GENE200,label
S01,234,75,306,464,8,32,118,76,111,75,473,224,162,399,226,76,247,82,341,112,109,74,520,111,89,111,576,361,170,208,785,90,93,94,233,403,66,59,45,268,222,261,55,133,298,132,270,321,722,114,181,297,64,79,91,108,128,592,55,282,23,96,198,233,347,434,116,102,367,139,44,55,49,467,265,310,76,118,405,120,260,52,145,117,36,217,111,138,209,212,268,132,160,57,18,57,46,38,145,83,179,323,137,252,54,84,42,168,397,42,330,224,123,36,186,74,161,132,1013,82,63,179,251,692,600,227,408,47,46,46,164,40,221,99,35,33,171,399,1501,3210,113,51,15,216,98,53,75,158,321,277,120,69,30,104,213,949,167,401,77,41,46,76,1706,56,316,92,320,152,138,187,73,358,148,67,53,342,724,114,230,177,608,248,45,313,143,527,196,48,40,531,414,127,99,699,61,58,350,119,177,110,Normal
S02,200,48,394,332,30,26,163,150,65,45,238,149,127,550,212,63,300,90,349,215,124,56,407,72,73,92,296,322,147,250,911,100,89,37,380,347,124,44,48,327,297,316,109,296,155,105,471,185,427,175,195,322,52,216,100,90,157,489,66,366,34,78,95,125,188,305,117,172,490,82,49,33,61,259,233,252,146,132,258,225,264,123,117,119,25,215,63,176,178,264,398,133,85,189,34,39,19,38,130,36,153,741,81,187,23,117,136,116,285,32,144,179,76,31,204,104,231,128,935,197,31,123,262,516,504,194,1039,39,80,94,88,33,250,126,31,67,179,486,510,2126,125,46,25,169,57,99,94,89,521,175,145,56,30,166,131,783,150,248,50,23,64,87,1290,62,465,76,327,158,140,143,53,228,118,41,43,112,1113,274,106,245,261,120,89,335,282,1266,114,29,36,1233,569,135,176,381,33,52,250,128,151,62,Normal
S03,212,52,432,280,19,48,215,134,87,74,251,314,111,506,195,34,270,65,336,202,96,87,518,115,108,87,220,333,157,102,2070,225,88,34,251,446,108,47,87,317,178,289,144,172,170,175,458,126,295,134,333,280,46,83,91,83,94,666,102,365,21,99,125,247,310,197,68,94,298,65,55,36,42,170,211,328,206,179,323,105,305,87,149,72,34,199,104,247,192,218,332,124,121,67,21,20,20,39,161,70,150,546,68,296,62,79,48,113,312,29,237,219,56,32,143,61,126,185,633,83,43,237,77,353,272,338,739,55,63,39,119,40,342,126,36,58,257,404,667,1385,304,74,14,107,64,126,139,146,408,136,134,42,22,185,246,1236,125,519,118,53,77,112,1581,83,402,45,409,192,91,198,142,366,98,65,43,192,487,183,125,133,530,183,162,617,245,738,163,48,36,733,703,79,110,706,23,55,410,124,221,127,Normal
S04,166,35,352,438,31,71,160,71,137,69,337,272,164,399,198,68,187,57,416,96,97,126,353,70,53,96,254,243,333,112,1400,155,72,71,209,344,110,94,104,255,550,268,120,187,171,203,902,256,225,207,173,252,51,115,100,73,118,781,42,520,10,78,144,268,222,402,67,85,307,129,49,36,71,242,99,146,93,156,241,97,254,106,71,65,33,250,129,122,111,129,214,107,87,162,26,43,33,42,270,31,124,588,116,521,47,191,60,82,392,21,191,206,105,25,217,123,306,155,1146,62,40,135,207,507,352,390,596,53,87,65,86,61,380,196,33,60,149,324,1540,3748,231,68,16,262,70,90,71,47,490,56,74,54,45,63,126,1323,125,787,101,52,98,65,917,55,350,32,320,170,164,160,83,219,102,56,27,128,991,141,86,200,646,118,111,548,261,805,121,29,26,697,1073,185,169,939,56,74,326,113,188,160,Normal
S05,201,52,270,431,20,47,206,94,163,74,243,449,134,303,161,37,227,62,330,178,146,85,587,155,66,92,116,225,232,336,1840,111,82,80,218,448,185,59,98,352,221,329,90,197,124,148,285,247,234,196,135,271,31,232,69,104,125,788,58,481,36,183,159,338,255,328,54,111,526,124,48,27,44,143,134,332,160,407,192,139,268,78,130,97,52,215,51,89,278,201,214,127,117,150,20,46,62,77,304,81,152,687,144,385,43,193,35,77,454,38,335,174,50,33,163,99,270,138,858,93,66,201,153,505,329,189,1066,43,73,31,86,29,213,178,23,85,213,359,1121,2750,344,22,9,159,71,124,83,123,573,223,138,77,30,69,183,878,169,639,43,30,46,64,1205,37,277,53,827,370,113,118,62,131,86,36,36,92,554,187,159,220,396,241,88,553,206,462,169,36,50,722,1312,195,89,808,103,118,174,89,233,84,Normal
S06,132,42,314,364,19,26,134,71,302,63,473,264,149,381,95,33,118,39,253,210,131,119,535,168,70,135,338,161,270,266,1059,74,50,71,298,356,123,69,77,471,440,196,138,156,214,167,277,98,306,89,262,439,26,125,70,62,136,637,92,351,34,116,239,245,301,322,85,125,416,132,62,85,42,293,124,315,71,322,306,96,352,49,66,123,56,268,67,148,443,296,288,95,95,81,30,55,22,53,159,35,92,298,136,386,65,60,45,161,130,24,171,256,74,40,194,163,180,158,465,173,37,165,206,363,400,279,705,33,77,65,55,27,368,120,37,114,231,388,2597,2675,165,70,18,150,43,190,79,108,579,175,130,74,15,111,254,997,164,321,75,38,39,97,731,93,315,78,281,310,191,188,55,297,111,27,37,207,875,203,144,336,801,72,99,414,119,678,246,21,35,561,733,183,73,695,32,111,364,82,189,72,Normal
S07,282,36,296,310,13,43,171,137,159,68,338,649,100,617,327,51,383,72,445,134,121,72,544,196,91,102,320,271,277,298,1155,70,63,40,319,479,118,23,41,388,276,273,58,292,148,182,693,295,296,125,175,335,42,85,152,82,206,708,97,429,41,94,146,300,407,338,88,58,227,66,46,55,55,123,164,241,167,109,270,183,284,85,97,98,65,194,137,97,273,235,222,162,86,94,23,21,45,44,280,33,91,471,147,382,44,163,31,106,604,25,243,217,112,20,89,119,170,250,697,66,50,85,142,543,285,268,929,39,47,70,88,38,385,75,60,41,257,203,800,4272,204,77,19,193,94,92,57,119,491,191,77,34,28,72,88,728,146,505,119,50,47,58,979,39,270,48,281,219,150,120,68,230,90,56,32,104,720,247,63,235,797,165,121,365,228,443,114,58,29,683,524,86,92,534,56,63,276,100,237,85,Normal
S08,215,62,484,243,20,54,189,124,153,49,401,311,177,473,207,65,522,52,411,110,155,71,641,185,116,129,120,350,262,326,885,72,113,59,295,674,64,99,53,231,224,336,42,224,118,192,314,270,286,141,157,408,37,85,84,52,131,350,70,437,62,79,186,469,409,266,137,96,358,104,44,24,56,293,146,171,146,200,203,102,161,50,91,153,36,299,91,150,205,281,249,83,88,120,17,38,32,94,122,69,71,451,99,161,63,230,46,127,455,25,183,99,94,39,116,97,166,127,854,75,92,128,112,1022,468,218,474,26,85,69,99,33,253,62,29,67,126,335,899,2832,225,83,25,157,71,72,67,157,353,236,91,58,21,69,182,1004,259,782,75,64,35,47,974,54,281,44,273,290,104,288,57,220,71,74,52,184,484,195,95,297,698,197,46,338,281,1025,246,35,52,1088,501,106,110,641,35,51,227,106,131,91,Normal
S09,181,47,304,324,17,25,176,128,160,84,206,179,172,443,256,53,305,73,425,128,72,94,749,189,77,122,335,347,172,219,1519,104,71,70,353,438,148,40,97,217,285,252,95,139,107,99,358,125,267,200,177,289,29,113,102,61,107,952,64,261,35,71,269,351,324,343,106,138,321,138,59,40,40,153,115,191,127,329,418,80,310,122,76,98,28,260,73,178,144,298,352,115,63,79,36,29,23,71,224,41,91,730,116,280,76,94,51,96,279,35,186,221,101,7,228,25,141,228,641,87,38,264,104,809,335,153,500,34,97,78,60,21,226,168,15,99,201,252,866,2133,140,61,9,86,48,52,74,93,340,335,144,63,16,79,157,642,166,257,71,44,57,56,1166,57,265,92,423,212,121,168,70,212,83,76,36,216,443,181,206,233,585,147,106,435,164,627,176,46,20,525,929,145,110,854,51,58,297,94,131,227,Normal
S10,173,50,360,410,21,64,169,80,212,96,247,552,200,457,383,72,221,38,456,160,138,50,528,116,66,69,303,96,238,195,1900,100,85,55,317,577,120,76,52,339,415,319,142,148,107,152,427,222,282,97,245,195,51,249,112,103,111,356,52,285,20,150,161,305,265,299,157,101,400,105,36,38,27,248,183,196,104,174,130,70,274,93,67,91,62,310,92,111,202,261,288,177,89,174,31,54,56,41,130,84,100,288,83,389,59,98,92,84,274,21,297,204,107,33,190,80,185,122,812,139,72,148,146,560,352,239,1287,34,83,72,122,65,253,124,24,43,209,445,1234,3933,212,47,35,226,66,66,66,171,445,186,124,68,25,73,163,1069,177,350,117,27,60,47,1798,59,372,84,836,111,102,121,63,141,92,25,38,188,810,197,167,169,978,200,79,309,136,678,189,33,82,855,997,101,83,702,52,41,264,95,130,92,Normal
S11,173,56,348,472,19,37,151,128,168,46,475,414,232,767,190,59,219,56,283,97,126,63,525,96,43,101,273,256,412,281,1450,69,59,122,235,318,149,74,43,307,420,202,50,227,186,167,226,134,282,229,137,270,43,43,127,36,109,695,85,461,13,83,195,260,340,447,139,74,213,99,49,39,92,306,175,128,67,313,264,56,319,72,157,108,61,256,121,293,310,139,293,213,142,104,34,47,82,40,195,58,91,423,33,277,59,112,109,87,490,33,280,243,126,38,174,82,160,165,1413,119,60,256,256,612,162,260,315,77,73,70,73,17,318,105,22,53,496,449,1536,3543,343,52,8,188,81,84,78,111,639,241,139,64,22,78,110,464,167,428,149,90,73,61,1113,77,705,84,527,178,98,178,48,220,84,67,29,76,824,142,136,188,519,252,65,420,276,581,102,60,53,751,476,141,70,705,45,58,253,94,112,158,Normal
S12,184,64,337,324,11,24,170,96,86,55,271,567,92,290,316,98,196,38,423,64,84,73,829,114,81,136,475,176,240,421,783,141,82,70,252,324,89,69,98,279,316,312,55,236,201,403,327,162,376,203,145,261,46,100,67,80,141,570,40,195,26,66,174,209,237,236,80,137,429,119,42,50,55,337,156,314,52,226,365,104,420,58,110,103,56,274,93,199,358,219,342,106,123,116,35,61,28,33,188,84,118,627,134,378,77,181,103,136,460,27,174,321,99,36,182,87,167,246,866,54,62,311,192,319,610,263,607,39,110,59,123,45,328,107,34,89,139,186,1360,3348,280,68,12,274,62,83,72,259,297,189,74,57,22,47,147,800,87,484,128,59,65,77,1822,101,474,49,401,249,68,166,140,329,146,49,56,211,587,138,162,298,422,261,89,519,273,985,178,64,42,945,638,239,137,768,27,30,432,120,78,146,Normal
S13,156,72,331,414,28,34,124,80,163,48,223,423,127,404,135,44,223,91,271,234,113,61,783,142,85,98,372,312,159,213,1279,64,73,82,404,656,119,72,73,254,386,234,63,144,253,167,587,153,344,344,139,154,46,68,88,60,116,520,56,426,24,90,140,170,269,330,79,89,325,106,55,89,42,273,163,372,167,181,157,124,368,78,121,74,27,228,62,131,371,150,204,104,96,127,43,55,40,46,266,46,129,365,138,476,68,126,59,41,394,22,244,230,91,27,177,95,199,157,1036,96,58,251,104,570,314,184,503,46,145,38,72,24,480,100,44,48,137,327,2205,4120,166,71,16,122,99,123,105,117,387,235,147,43,16,89,199,616,219,455,110,61,49,55,1035,83,258,38,211,365,137,166,91,305,77,41,42,393,843,153,152,134,852,149,103,597,266,746,191,36,35,684,1279,106,84,574,80,83,326,95,177,100,Normal
S14,178,73,451,272,27,44,300,76,178,31,296,278,146,390,227,51,140,90,416,184,90,82,624,93,87,121,461,351,143,482,1006,149,138,43,309,461,154,67,91,266,288,387,76,232,128,136,312,151,353,221,188,412,54,103,74,114,104,702,56,281,26,118,124,662,233,242,131,167,361,153,25,35,50,127,181,158,76,160,202,102,222,106,127,135,60,255,112,168,215,198,235,175,103,99,15,23,58,43,143,76,81,351,136,268,56,101,89,122,251,34,189,326,62,13,155,167,294,292,579,141,55,200,141,482,293,255,806,45,50,57,81,59,434,170,26,26,107,545,968,2220,369,79,11,182,54,91,127,102,560,218,89,67,27,41,74,652,227,414,112,67,40,63,1379,45,369,40,602,157,241,149,97,232,95,41,38,197,557,165,113,398,522,291,89,488,171,602,174,69,29,1179,1030,218,102,1289,50,34,182,200,158,118,Normal
S15,259,68,593,218,21,26,98,155,128,67,692,278,137,491,305,62,168,83,412,73,82,104,581,87,93,98,326,156,190,262,1201,134,66,80,386,509,154,66,65,274,499,227,64,171,169,161,399,229,383,270,253,204,23,82,88,61,101,631,55,350,43,119,372,292,274,332,103,101,700,95,57,67,38,266,262,213,98,102,201,139,212,50,113,76,34,296,58,118,225,326,415,110,132,100,49,38,71,50,419,79,86,475,128,434,64,134,65,117,220,25,251,245,124,53,178,118,151,141,585,78,63,180,218,678,363,247,663,54,70,67,135,33,301,97,25,38,289,500,1343,4940,226,133,18,227,62,100,98,110,715,200,145,41,29,94,100,686,348,377,55,36,49,90,1443,88,274,71,287,173,88,116,125,294,115,41,50,96,962,170,164,211,411,128,60,548,262,463,135,39,35,493,566,82,116,476,52,65,179,85,192,98,Normal
S16,162,69,289,527,25,25,182,106,198,50,388,303,201,356,332,68,143,89,715,185,179,70,329,71,102,89,192,219,262,146,1102,144,80,92,217,576,193,83,89,185,440,194,82,184,199,213,289,129,345,155,286,270,20,139,86,74,118,1080,44,338,31,79,185,440,267,360,43,79,303,100,52,42,46,227,105,214,127,89,233,86,396,90,73,164,32,296,59,218,194,196,290,153,86,163,25,30,37,44,189,66,126,990,159,375,140,137,69,142,285,23,231,247,84,39,216,102,187,141,967,162,40,184,190,754,418,266,730,37,60,50,95,38,173,112,38,35,181,443,800,1785,169,63,24,217,50,95,72,134,497,116,135,56,42,56,133,369,146,349,79,58,47,40,1353,42,408,44,397,203,140,154,82,147,64,21,43,152,895,158,95,180,602,223,162,390,216,799,163,42,27,656,573,86,102,459,67,62,206,103,95,120,Normal
S17,225,67,251,511,10,15,218,186,209,60,196,176,151,435,152,60,230,75,383,227,119,77,684,92,243,108,240,244,415,303,787,142,82,52,193,536,122,72,49,495,557,255,78,131,235,173,315,257,240,141,108,318,66,128,149,61,118,501,54,529,30,63,136,187,344,643,169,48,504,168,22,52,91,262,123,338,37,162,379,118,215,93,117,128,64,350,110,144,215,224,206,112,98,160,40,23,49,94,206,77,85,855,125,246,72,199,49,131,437,13,283,106,66,38,178,82,209,167,773,133,50,174,143,347,285,327,683,46,53,50,167,36,422,117,39,50,263,312,1370,2080,225,40,18,227,60,74,123,181,359,220,105,33,40,52,203,796,176,445,97,29,80,83,801,53,557,108,486,161,125,193,119,284,116,58,34,97,749,187,142,128,646,370,92,508,264,1228,144,39,32,689,872,184,173,763,45,124,246,84,87,162,Normal
S18,292,93,211,551,22,43,108,182,188,62,433,250,126,366,121,70,317,38,348,128,134,76,404,180,95,189,262,154,315,276,1624,136,76,64,253,302,115,85,60,195,208,441,75,142,179,119,564,145,430,160,335,292,49,135,129,90,108,1177,35,442,30,141,146,301,282,232,106,71,215,151,57,55,77,133,106,515,72,205,240,123,184,96,116,79,26,271,67,191,510,320,344,144,42,75,41,25,35,55,152,45,115,381,89,246,83,86,58,114,339,24,274,229,86,33,122,58,209,186,840,118,52,226,227,750,342,331,618,45,80,52,68,40,645,106,36,51,174,567,907,2370,135,46,10,234,157,89,38,158,364,244,115,41,32,104,135,755,164,268,100,26,51,100,1415,78,309,108,482,224,161,179,68,164,110,47,74,133,512,199,143,108,632,106,63,663,426,502,156,50,70,651,725,201,103,834,30,54,155,73,200,135,Normal
S19,157,45,299,396,29,24,141,112,128,72,407,259,150,439,368,50,205,52,605,143,142,104,512,116,82,101,329,231,244,192,990,168,75,57,421,462,152,63,58,257,207,281,90,322,185,86,359,398,376,143,251,198,25,97,107,45,72,660,46,423,23,129,110,410,184,250,120,164,383,165,38,30,45,174,101,351,85,179,196,125,192,121,105,157,24,262,69,117,214,185,195,86,35,90,34,18,22,105,185,57,123,624,66,306,48,244,42,74,225,17,347,442,78,27,75,94,175,122,805,111,61,175,162,748,367,297,799,34,54,45,76,47,324,166,45,66,314,418,1126,4249,208,53,4,262,81,85,126,75,414,169,103,118,26,79,150,461,130,555,84,32,73,104,1390,67,323,48,280,156,114,120,51,243,92,68,48,202,750,157,164,237,622,156,97,275,183,616,134,47,44,610,944,88,109,527,65,53,368,96,129,76,Normal
S20,242,59,347,763,28,40,149,120,128,91,415,337,193,793,246,67,345,75,316,116,139,75,375,77,62,105,191,240,220,228,831,93,109,82,224,500,269,63,56,267,291,244,87,119,124,183,341,152,299,159,263,269,24,93,109,92,157,774,89,375,30,129,154,212,295,399,89,94,310,72,38,52,48,350,104,237,46,137,250,84,319,90,100,100,48,230,72,98,240,270,596,137,70,98,26,21,40,75,235,63,123,593,74,538,63,143,31,157,567,33,222,219,67,42,129,91,286,210,633,93,41,210,147,632,423,204,890,42,74,50,126,30,307,128,19,46,323,347,768,3004,229,166,19,160,90,47,64,245,426,101,115,83,35,64,131,702,177,634,121,55,35,52,1506,40,313,58,277,170,132,175,101,302,95,27,30,175,776,203,63,141,798,195,63,871,226,753,202,36,30,1450,1151,146,91,480,70,40,301,53,98,122,Normal
S21,161,23,353,723,34,36,166,135,219,49,360,321,188,398,236,90,309,65,585,131,200,87,1359,80,62,128,228,392,178,315,1828,136,65,103,395,542,133,78,60,364,313,223,60,144,174,193,406,199,238,255,192,263,44,71,71,100,59,939,109,367,40,162,174,325,248,300,82,77,507,114,34,36,77,422,169,269,140,159,232,89,359,47,150,97,40,424,70,117,210,243,232,78,78,232,36,22,42,38,414,62,105,738,76,268,61,103,53,179,375,10,236,173,91,33,150,64,215,117,573,310,44,189,119,594,240,199,831,66,95,37,180,28,389,162,46,46,212,279,1081,2493,117,78,15,178,45,99,57,58,512,183,129,49,31,58,115,678,233,371,83,86,64,81,1102,48,160,64,414,216,136,162,45,213,71,79,54,83,469,164,117,117,980,193,111,361,278,613,193,53,20,1254,900,191,75,481,38,63,302,80,107,95,Normal
S22,187,54,214,612,16,61,141,132,141,35,494,318,196,354,205,42,288,50,407,213,158,104,306,87,69,137,273,138,234,151,1256,50,111,79,506,587,120,83,32,208,344,142,74,135,171,138,388,192,463,168,132,272,27,133,117,155,96,595,48,443,35,105,248,217,422,382,108,83,791,96,37,44,99,357,152,338,87,145,351,132,246,69,118,113,44,211,153,112,252,200,484,101,78,96,31,21,32,35,236,58,58,780,75,415,34,196,77,87,262,30,204,163,113,26,167,122,238,145,672,60,43,202,187,593,455,136,615,49,49,74,138,44,464,73,28,79,144,348,755,3323,310,73,16,143,75,110,33,175,440,137,184,40,22,95,228,1416,196,432,103,48,65,55,1397,61,370,56,139,217,148,151,91,367,118,52,70,182,566,79,113,241,496,234,112,603,247,837,196,73,25,694,1109,191,107,580,50,86,273,106,220,230,Normal
S23,287,64,301,420,20,40,103,147,114,57,368,584,133,348,183,92,91,44,794,170,77,80,550,144,193,127,216,245,178,175,745,58,73,40,311,315,54,48,62,231,494,208,95,186,170,164,332,129,337,159,124,370,40,103,106,75,100,657,41,311,13,106,191,200,655,446,163,117,587,101,13,43,54,241,175,454,98,236,221,76,378,67,83,95,31,195,60,96,229,188,366,169,114,117,16,31,57,56,286,66,115,433,56,347,84,139,85,80,280,28,249,171,120,27,142,128,254,135,833,119,26,132,194,502,355,293,568,30,82,59,100,45,557,57,34,44,163,444,1372,2669,199,61,16,173,71,105,98,90,311,97,150,37,28,73,224,787,189,536,79,51,65,160,1397,101,481,55,273,322,90,227,73,105,83,60,39,237,584,119,134,184,439,254,72,513,207,426,119,41,62,885,498,39,116,652,64,37,314,126,116,116,Normal
S24,193,70,328,523,22,17,315,80,135,65,365,300,192,486,227,30,379,64,414,98,101,78,798,104,119,93,210,196,323,124,839,60,67,60,178,385,65,37,98,362,306,187,54,153,172,215,466,217,215,152,185,272,56,62,76,106,69,543,59,351,12,110,204,283,231,320,82,98,629,117,28,48,44,170,141,257,113,201,321,81,187,95,89,91,61,165,113,281,242,353,318,89,62,94,24,22,43,76,263,39,61,554,99,319,99,165,76,88,296,32,210,221,94,24,236,107,126,165,781,160,42,217,192,379,220,285,897,51,153,81,111,35,480,147,30,48,226,212,1316,2058,260,40,24,156,66,207,142,140,431,233,180,44,24,54,178,1579,189,222,112,31,39,80,1349,52,325,65,320,150,125,154,92,128,140,19,37,140,738,230,191,162,635,198,61,771,144,774,186,44,22,953,499,128,88,523,47,93,258,121,151,85,Normal
S25,195,50,248,452,23,29,104,126,109,83,460,215,93,735,265,54,166,55,251,164,91,102,435,92,96,52,233,204,284,142,1773,112,141,67,385,296,163,53,36,175,297,225,93,105,95,267,450,119,293,210,242,311,51,84,99,85,106,593,56,338,19,137,127,255,260,373,57,122,292,202,38,55,119,206,236,298,119,191,364,94,189,78,102,89,62,338,64,107,148,491,334,146,82,137,30,30,53,110,177,44,89,869,149,357,55,93,59,93,305,35,219,179,74,32,270,104,242,144,584,136,48,107,175,549,318,321,744,75,76,64,72,44,252,64,27,41,246,376,892,3228,233,29,20,264,36,93,124,97,446,121,196,37,30,164,159,660,141,441,65,21,41,61,2108,76,254,47,234,178,171,277,87,228,77,33,74,179,1377,255,64,162,438,184,102,1141,156,734,216,45,40,566,861,138,102,780,79,78,285,94,110,118,Normal
S26,203,52,222,257,18,38,99,82,134,36,411,394,116,386,303,49,175,90,479,159,170,38,724,141,149,122,235,214,278,191,1653,52,84,125,278,473,117,74,59,267,379,242,82,234,247,174,898,255,325,128,187,370,53,166,109,59,168,429,37,408,35,149,216,357,229,312,61,44,473,98,52,66,54,286,127,179,119,143,254,212,161,90,76,115,48,251,69,124,320,414,365,96,103,303,44,57,31,58,253,66,85,419,150,467,98,228,68,83,534,28,167,140,95,35,158,114,224,223,416,112,46,133,135,451,350,354,1186,30,95,88,104,40,296,203,52,35,258,452,1234,3869,237,54,19,92,72,78,48,171,508,159,104,51,28,73,144,1149,95,384,76,52,45,68,2197,51,377,94,341,402,121,235,96,266,90,36,47,220,666,162,120,263,815,168,87,467,368,949,113,50,25,715,1336,86,70,502,58,66,316,130,89,196,Normal
S27,164,61,221,381,23,65,95,109,97,80,417,505,128,595,350,39,291,57,350,101,167,52,485,121,115,95,194,206,293,467,811,101,77,108,221,374,118,69,87,311,301,185,79,187,235,150,232,196,468,181,166,240,64,81,78,103,62,954,68,493,37,85,145,250,238,406,140,135,370,169,34,42,63,188,169,205,68,212,358,76,294,62,106,171,70,317,174,134,169,181,235,83,85,113,35,32,35,57,283,52,98,278,89,244,62,94,46,76,370,23,254,174,49,23,154,79,175,241,913,99,51,224,134,796,343,146,766,44,82,62,65,45,261,110,41,29,172,170,1295,1873,196,44,24,132,82,153,120,167,468,143,150,52,35,67,134,908,192,467,71,30,78,147,1418,49,274,63,553,143,109,168,110,187,59,48,68,182,839,147,112,274,592,204,154,337,182,765,166,66,41,564,808,131,128,720,48,81,245,71,174,109,Normal
S28,316,64,393,440,19,36,154,97,160,66,473,253,124,742,326,57,196,60,364,179,248,69,636,89,78,114,295,41,270,419,718,141,50,88,259,224,158,93,69,354,257,129,98,328,215,111,257,137,187,146,252,189,51,121,67,88,81,629,50,444,36,114,161,275,426,317,109,92,299,131,34,68,57,236,138,227,58,170,306,145,207,144,80,76,31,140,143,221,293,175,527,133,90,207,30,68,35,51,179,31,80,718,127,314,51,122,61,119,381,17,281,86,81,94,96,68,183,118,1028,128,61,228,182,1493,361,238,408,42,100,35,39,38,373,139,26,26,222,421,639,3795,270,61,20,216,80,123,51,71,339,159,139,52,45,115,105,957,155,386,99,17,130,84,1004,121,319,72,341,350,133,165,117,262,94,59,78,189,764,184,196,148,501,122,69,400,215,1190,201,26,33,1189,1206,117,110,904,32,70,538,127,115,141,Normal
S29,170,30,404,544,23,17,120,100,128,43,614,382,200,579,313,53,219,47,410,166,95,41,511,109,38,125,348,465,195,207,938,111,86,53,277,274,186,56,77,196,281,234,90,208,258,248,477,292,345,154,244,397,44,62,55,85,135,670,88,574,42,165,142,298,229,211,96,139,389,205,46,96,64,242,142,398,81,147,426,166,321,57,119,117,53,355,105,284,312,197,386,231,167,198,35,34,45,95,229,56,101,530,96,342,101,106,62,77,403,39,389,206,76,30,209,102,209,149,816,92,64,312,445,403,230,170,617,59,99,61,102,33,292,119,25,37,140,430,1196,3184,130,31,23,90,91,53,92,98,597,442,70,65,20,119,131,905,124,491,52,76,58,43,2002,57,606,104,274,204,110,245,96,263,92,39,58,181,621,131,122,138,467,322,99,556,119,814,163,39,33,632,410,151,102,583,37,22,296,144,163,102,Normal
S30,233,49,420,479,8,38,141,83,125,68,208,399,185,434,171,50,307,28,487,124,142,33,461,141,74,118,262,180,321,124,1380,161,122,63,253,362,121,79,49,357,563,248,63,143,205,162,475,143,364,139,150,236,23,159,93,97,103,496,46,561,19,77,159,307,493,363,142,138,242,92,30,42,79,289,162,110,171,148,505,65,198,39,113,69,32,146,134,178,422,178,339,103,89,119,36,46,63,42,314,61,98,427,106,561,55,101,68,210,514,19,213,200,81,30,153,141,108,114,669,119,88,241,259,534,335,137,824,71,111,55,105,49,368,71,46,44,147,195,1055,4234,400,59,37,191,85,84,75,115,222,265,98,38,18,91,226,1683,96,352,71,69,60,60,1306,51,542,64,442,87,118,283,122,133,61,36,59,210,546,185,59,153,575,247,51,417,288,417,195,52,52,702,830,149,88,584,42,65,361,125,126,123,Normal
S31,604,104,1014,1282,72,93,773,231,491,133,1010,1028,516,1832,933,18,84,21,248,49,56,16,154,74,43,104,237,261,178,217,1244,135,93,120,228,448,127,36,54,223,460,249,74,297,238,297,280,167,510,191,175,334,41,81,85,101,86,679,43,289,28,119,190,183,298,245,117,136,345,104,36,26,73,641,155,318,126,293,338,67,272,163,137,69,45,142,156,104,255,196,248,218,103,121,20,20,31,53,284,58,179,459,103,197,82,243,34,85,518,22,269,256,86,49,274,165,165,136,571,165,30,161,206,503,371,443,556,43,109,71,149,41,255,61,20,34,235,234,1607,2723,205,36,22,150,57,158,96,139,513,166,142,46,42,81,216,848,223,537,146,29,81,125,1110,63,300,50,627,157,90,245,103,408,87,51,31,198,395,215,139,188,443,146,95,320,252,1344,282,25,25,914,811,70,111,658,93,52,422,74,115,150,Cancer
S32,553,89,919,880,67,248,406,280,222,125,2089,724,308,1550,491,11,123,23,265,67,30,22,68,49,34,168,366,167,329,209,983,95,98,106,288,507,166,74,80,433,370,280,105,190,171,318,585,164,241,234,252,318,28,107,83,69,114,731,63,529,38,136,149,329,279,211,117,89,738,195,56,44,63,181,78,224,94,95,208,109,226,62,97,144,48,225,85,152,191,189,395,121,67,137,32,19,51,61,252,117,158,803,232,415,63,178,38,112,294,37,209,151,83,30,73,55,111,123,838,100,87,210,250,729,358,278,842,57,112,25,98,35,425,200,21,69,145,267,991,2515,147,58,28,285,58,82,80,186,190,116,135,37,23,93,102,930,209,405,71,42,54,46,1426,40,523,86,555,167,117,85,65,357,145,35,44,150,841,106,64,218,311,150,106,495,227,611,220,44,28,787,945,196,120,924,47,47,269,101,108,172,Cancer
S33,535,112,1183,1573,92,99,454,280,409,110,534,501,389,1738,1275,24,87,19,262,40,35,19,243,62,37,102,287,185,198,182,1470,81,89,48,276,477,108,57,80,367,361,236,77,156,136,201,269,187,220,97,247,262,31,80,109,103,99,614,98,218,56,218,84,259,259,296,85,143,335,81,33,74,48,143,329,248,95,142,306,170,298,54,72,97,34,143,120,123,350,412,274,153,69,163,23,21,36,34,195,64,75,951,72,518,47,106,56,115,452,48,351,167,84,22,109,63,156,159,421,115,88,272,149,372,370,108,844,40,131,39,136,30,235,77,49,63,335,466,935,2060,124,63,19,273,70,109,64,144,417,153,151,47,18,125,137,983,141,288,162,64,67,76,1125,80,286,42,672,222,224,111,89,465,101,45,34,274,581,161,84,339,766,200,67,704,209,485,117,24,26,642,1001,115,97,545,41,127,236,107,98,217,Cancer
S34,349,187,821,1743,59,142,645,242,429,139,1347,641,426,1264,770,15,63,34,177,50,30,16,307,77,38,146,134,117,185,129,1160,104,114,47,285,475,153,55,102,293,525,210,83,177,164,212,342,78,86,245,289,493,33,54,93,96,73,1068,144,422,26,57,271,268,285,404,77,89,213,182,42,63,46,234,104,367,83,121,267,109,136,78,122,92,41,239,83,122,226,318,191,123,69,168,16,32,51,31,152,58,80,821,65,391,48,160,41,97,342,54,331,159,113,68,96,53,178,138,695,85,66,117,168,773,354,158,458,42,67,63,72,53,276,120,50,46,173,284,1075,2647,159,31,20,201,75,144,139,152,645,236,221,94,36,102,129,856,156,517,72,38,26,113,1196,75,535,50,552,149,247,199,72,385,59,41,63,98,898,215,227,126,867,146,79,300,154,747,132,51,36,499,677,137,79,664,67,74,249,80,164,140,Cancer
S35,275,95,776,1312,61,202,306,165,305,147,786,577,364,1541,756,14,151,24,119,78,35,33,166,58,41,156,372,244,214,240,1191,182,102,69,247,324,156,48,88,192,310,385,43,356,151,188,416,242,295,219,242,498,42,186,135,41,209,533,115,402,40,91,199,231,547,362,136,53,343,147,37,66,54,243,240,164,91,150,211,111,307,118,105,126,62,252,64,133,316,242,207,85,111,117,27,54,25,44,248,69,141,369,122,415,50,116,54,84,392,30,159,264,116,40,85,87,202,120,623,66,62,188,105,635,351,234,566,30,62,57,112,32,255,95,38,131,171,277,2867,3039,151,76,15,284,71,73,124,136,577,186,131,62,61,107,232,1108,183,429,90,29,54,77,1096,76,358,86,470,206,81,246,66,225,90,39,65,283,841,130,129,183,490,198,88,476,225,812,155,41,36,663,713,96,143,407,38,78,232,103,107,151,Cancer
S36,519,166,1092,1453,71,127,708,418,273,163,1107,516,417,1527,527,14,52,21,162,54,44,27,171,61,29,93,186,246,191,291,1179,139,62,51,301,645,216,63,102,256,446,188,109,99,124,203,235,194,359,123,136,242,23,107,103,79,186,566,105,254,22,137,227,230,346,349,91,119,605,140,59,48,48,314,115,240,205,148,224,162,167,79,148,115,25,291,83,249,192,315,535,122,102,154,16,47,27,41,215,62,107,470,91,283,60,120,61,69,267,22,182,319,79,29,156,98,158,139,571,112,13,115,306,740,537,291,748,37,40,82,114,83,214,228,35,88,364,283,994,1988,145,67,15,204,84,60,118,97,470,200,206,42,8,92,138,695,174,377,52,57,53,71,1080,81,367,56,341,240,176,159,109,265,64,42,44,165,481,84,73,181,547,139,103,385,347,644,240,41,20,762,606,111,81,729,38,52,340,144,128,123,Cancer
S37,411,210,586,1041,152,129,266,271,166,156,1674,505,319,2267,452,8,95,17,123,46,37,29,166,46,33,64,296,200,211,320,1000,144,137,89,222,271,194,62,55,400,246,200,81,111,155,244,388,275,412,163,92,193,59,70,77,110,179,556,50,437,31,105,260,204,302,364,92,135,373,184,48,49,51,209,229,343,71,190,124,84,325,61,119,39,43,264,106,190,224,224,203,136,60,83,19,62,37,53,199,48,140,297,89,313,64,89,27,72,294,25,295,131,99,32,213,86,240,139,875,75,23,195,218,717,291,333,558,47,87,114,85,24,177,194,51,61,474,400,747,2513,150,37,18,173,39,137,91,120,525,194,118,73,33,109,166,931,156,633,70,55,59,57,1004,62,315,39,327,233,199,184,41,315,75,48,42,151,708,196,207,189,738,234,134,279,317,588,230,32,30,1430,604,182,110,515,40,51,274,83,140,159,Cancer
S38,452,92,1232,1362,53,200,471,196,618,142,1204,635,604,1484,487,18,147,30,157,82,33,12,152,64,36,94,245,136,219,204,1728,64,66,60,358,463,207,75,64,300,293,336,43,126,189,276,199,279,255,93,60,177,29,110,119,66,81,605,66,402,35,154,158,217,264,441,114,71,486,226,34,82,92,188,160,211,71,149,247,92,213,100,97,62,40,146,118,210,263,167,294,130,75,164,40,43,32,83,222,85,90,512,44,296,62,87,110,89,289,17,200,281,122,25,128,54,272,253,700,73,28,202,246,326,294,343,572,77,93,47,87,37,217,84,56,42,286,299,1091,3241,181,56,10,223,31,121,105,148,303,107,97,49,16,91,162,837,178,404,71,29,79,54,1080,77,516,72,418,134,137,127,134,198,69,51,44,124,1527,123,128,237,614,195,89,439,159,1275,173,52,30,672,708,76,104,571,82,46,234,66,236,88,Cancer
S39,508,200,892,889,40,189,316,327,367,181,1453,540,258,2178,622,6,102,16,185,93,31,27,193,87,35,108,296,201,304,199,2312,201,94,81,414,296,108,85,73,276,300,130,67,145,229,247,440,203,174,179,210,386,70,62,95,66,126,665,66,533,21,62,110,238,211,330,104,73,458,118,60,45,50,215,172,360,103,194,233,131,207,92,104,160,26,151,73,83,144,310,303,120,91,112,38,23,24,71,213,116,83,694,155,292,49,145,74,64,263,8,261,179,84,14,117,68,120,163,939,229,48,252,135,364,342,143,614,42,44,102,81,31,356,91,47,31,182,399,1238,3485,218,63,20,204,58,66,101,125,350,234,79,84,28,99,110,517,179,456,101,55,24,56,2345,49,549,45,377,292,111,235,76,269,109,62,73,169,1241,147,168,228,418,190,106,362,274,772,157,46,40,648,810,92,231,411,40,58,527,73,167,145,Cancer
S40,428,190,1367,1202,70,93,507,222,364,84,1410,433,405,1157,563,20,119,26,258,45,57,22,205,42,28,134,332,284,229,216,1468,98,98,70,376,304,121,43,75,442,277,275,78,97,149,206,149,115,402,224,195,331,39,136,76,77,92,964,107,603,25,87,255,309,315,265,107,71,433,180,68,50,32,227,341,210,94,277,343,219,188,68,163,63,38,262,126,187,270,197,430,441,121,124,17,32,35,51,232,110,162,505,70,414,43,76,69,147,222,17,222,238,53,32,190,94,223,92,459,143,47,231,138,409,510,123,924,48,112,41,79,31,185,76,45,79,155,423,1273,4285,314,84,19,262,36,103,69,125,496,230,149,64,28,118,154,561,174,255,109,42,42,114,850,77,651,82,367,160,78,133,62,182,80,47,62,120,590,159,127,359,603,108,119,515,245,509,297,19,51,791,969,200,124,511,81,57,300,60,103,113,Cancer
S41,469,91,1145,1082,104,138,308,317,276,213,1200,688,434,1288,500,15,56,18,220,79,15,14,123,84,51,96,326,148,192,247,1459,103,96,58,242,413,99,58,61,290,203,170,84,280,190,169,377,140,437,172,155,293,41,149,85,73,140,538,76,426,11,105,186,294,342,376,142,71,325,146,54,51,159,285,245,285,77,172,348,134,268,71,85,90,49,309,71,183,198,270,284,193,92,136,30,19,40,68,176,51,139,431,141,364,36,125,44,124,287,39,139,195,121,21,130,102,209,68,1313,153,76,184,134,653,271,254,577,47,68,74,66,75,563,166,49,49,309,299,684,4311,361,60,13,153,44,139,58,115,355,96,152,45,33,74,127,414,89,691,177,40,38,76,1647,70,369,65,300,189,109,98,87,190,97,59,36,241,416,143,134,368,289,202,156,361,211,776,196,80,47,1146,726,103,105,447,67,42,242,120,101,156,Cancer
S42,349,207,848,1720,81,199,502,167,459,146,1557,905,293,1320,923,12,132,25,210,59,32,19,165,80,46,126,239,243,358,298,1315,94,81,55,312,562,160,60,87,272,222,394,123,196,211,237,557,231,219,289,267,238,26,124,85,76,163,548,45,450,20,123,111,235,377,390,88,67,375,153,38,40,64,430,176,146,101,332,196,101,224,64,119,131,51,338,97,144,184,127,300,237,112,170,34,33,52,118,357,85,100,563,92,200,48,100,51,64,343,20,153,158,85,30,185,48,92,123,734,129,37,124,190,513,514,182,662,106,88,67,123,38,295,117,28,49,205,646,1581,3007,278,54,13,281,111,74,88,247,441,290,116,60,26,119,212,643,143,506,99,40,64,103,1055,64,241,46,391,216,91,108,76,260,49,41,26,190,454,158,223,325,345,184,66,297,219,1030,188,34,46,376,686,124,106,574,39,41,289,141,120,110,Cancer
S43,507,180,801,1374,89,115,885,215,333,108,2299,614,340,1576,799,18,85,5,140,53,29,29,135,77,28,121,224,166,214,356,1330,138,61,112,211,471,143,76,79,231,380,476,59,110,189,165,363,240,255,156,219,411,32,67,64,66,76,400,81,443,25,112,187,303,364,144,102,107,276,127,53,60,89,347,149,261,40,175,194,125,231,82,130,83,95,265,63,135,215,296,214,124,75,121,32,48,64,46,311,45,59,388,135,429,38,92,56,110,318,26,158,149,114,49,142,123,143,220,1099,105,29,363,217,471,464,280,1003,31,78,50,111,39,291,119,34,39,295,549,839,3251,256,61,8,126,53,60,124,135,390,109,68,56,45,67,176,761,159,545,84,38,91,70,1739,64,555,55,477,220,109,147,68,313,87,33,24,99,852,124,137,186,516,238,110,205,223,798,311,73,27,713,506,196,144,728,49,83,421,140,169,128,Cancer
S44,566,158,889,1233,89,284,393,284,391,193,1112,1290,442,2035,1306,19,87,19,155,46,37,17,156,46,37,74,283,264,153,305,781,95,73,98,196,280,136,60,38,345,181,184,53,240,218,244,327,89,342,255,278,366,27,110,164,56,86,875,65,250,43,127,137,210,589,355,157,114,316,112,53,68,38,311,158,213,92,115,268,97,188,71,65,170,50,417,91,130,412,180,282,183,72,177,27,45,60,96,212,56,188,358,81,363,105,112,72,47,318,8,296,129,56,41,217,64,203,168,713,80,65,213,226,666,241,254,635,31,72,46,128,27,213,85,59,70,122,539,1651,1886,102,55,29,330,57,172,42,117,422,263,190,60,13,105,173,557,83,513,83,37,55,93,1195,44,557,91,329,211,134,115,83,157,96,34,30,276,720,186,84,181,604,196,49,492,259,1013,137,19,32,571,1001,54,75,974,45,70,174,74,249,129,Cancer
S45,418,85,930,993,80,394,550,233,172,107,1948,511,367,2051,1165,17,78,25,140,64,41,22,322,45,47,78,301,164,254,276,1311,229,165,90,334,834,67,96,54,205,369,355,60,168,192,175,448,503,328,137,123,262,23,130,98,59,209,555,56,501,34,133,198,338,265,442,143,167,175,99,47,22,53,354,148,295,49,148,197,86,214,51,91,175,44,270,75,135,127,147,227,144,131,72,29,25,41,81,217,54,150,627,86,325,43,166,77,78,336,22,263,245,81,41,218,59,130,57,652,80,60,96,174,642,239,251,545,51,97,81,97,23,255,170,22,45,186,302,822,1523,274,73,8,227,87,117,76,86,426,186,133,53,16,113,155,931,193,659,83,59,44,92,1836,71,565,88,294,174,178,197,62,223,110,41,86,232,701,228,110,247,315,162,134,734,177,506,210,48,31,1008,712,65,86,661,22,54,195,143,277,106,Cancer
S46,400,86,845,2408,57,134,372,390,149,135,1247,643,462,2422,463,29,54,26,181,55,30,29,193,41,30,85,145,154,166,211,1475,98,167,33,332,467,186,77,60,319,233,333,40,230,145,150,322,201,448,413,291,247,40,110,90,50,123,802,48,329,35,124,285,181,635,211,46,94,237,128,45,42,52,274,164,416,78,136,217,117,149,49,111,61,55,262,93,120,328,233,233,149,55,75,19,32,40,77,170,75,96,392,102,295,48,121,42,108,297,18,211,157,41,34,206,92,155,122,945,62,83,123,105,506,640,355,788,60,49,66,86,37,298,92,45,23,206,226,911,3009,158,58,12,175,57,102,70,147,399,135,214,69,22,100,100,779,166,279,110,36,59,56,2984,54,179,41,459,358,90,223,100,226,82,44,52,180,581,181,244,202,706,213,88,416,282,861,214,35,36,767,783,302,72,855,28,47,617,84,119,130,Cancer
S47,305,166,802,1730,39,87,493,177,580,96,849,841,320,1053,1328,16,73,15,209,61,23,16,133,65,26,196,209,214,160,137,919,65,81,49,365,376,92,59,85,324,295,157,56,138,218,216,260,177,250,126,213,264,73,172,168,85,83,811,63,629,31,111,180,430,193,555,92,67,286,75,48,31,53,348,152,248,64,148,570,129,217,49,104,115,43,292,86,127,264,165,368,127,60,160,15,51,30,116,299,48,49,411,65,514,47,157,59,104,364,31,249,119,118,30,147,39,240,150,776,102,41,149,201,710,352,260,649,34,84,29,98,31,193,77,27,88,199,420,2181,3186,187,48,14,164,62,122,114,62,356,156,153,66,67,92,125,1032,129,414,86,23,56,62,1827,59,215,44,208,168,145,132,103,128,80,40,41,216,857,273,105,302,368,157,116,286,269,722,280,46,52,941,673,118,114,620,30,76,406,88,120,84,Cancer
S48,439,164,1213,1460,71,187,664,392,568,151,818,862,536,2816,1110,23,96,31,116,64,19,20,195,51,30,127,98,227,303,397,1579,163,92,71,308,440,116,62,52,354,331,222,60,206,192,150,246,254,212,187,321,459,49,138,180,41,97,849,47,549,29,124,137,232,269,411,78,124,417,188,41,34,59,609,231,259,105,204,172,164,222,74,108,136,35,147,103,80,212,352,333,175,107,281,25,40,37,78,221,106,104,869,131,309,70,139,63,106,280,33,139,196,60,29,174,118,111,157,854,126,82,120,91,699,294,118,686,74,52,127,79,40,189,112,53,29,416,322,919,3723,368,82,11,196,41,135,55,91,452,219,122,87,31,118,96,1438,132,659,176,60,67,24,1207,88,446,30,358,97,124,89,107,347,86,46,40,174,526,198,84,126,503,173,96,364,381,722,195,58,52,944,908,157,64,349,50,53,344,99,167,75,Cancer
S49,418,71,996,769,81,104,456,419,376,94,965,465,224,1829,884,12,136,17,131,40,26,13,108,51,38,258,169,201,153,201,1129,121,73,68,258,319,112,63,49,350,299,207,55,210,138,237,523,179,189,139,247,241,31,112,118,79,71,745,40,432,30,58,192,321,377,342,63,173,421,69,32,54,61,210,235,174,77,78,237,183,407,77,88,89,60,161,84,244,158,176,298,122,75,133,38,59,39,71,304,49,59,574,166,359,57,71,58,146,201,31,203,165,91,34,197,49,110,156,638,182,101,287,164,670,438,242,560,77,81,60,68,40,274,138,33,49,198,418,1087,1766,262,38,12,159,62,81,35,128,624,161,114,66,49,116,73,1425,203,836,55,30,57,67,1519,87,316,53,429,204,109,190,111,317,85,32,48,146,685,167,126,113,390,266,88,441,295,918,236,52,55,1186,971,85,97,766,47,86,286,93,199,117,Cancer
S50,430,171,598,1249,94,144,768,172,241,180,1641,659,465,2105,578,13,68,28,102,52,29,26,138,44,56,91,232,131,194,247,1433,111,125,148,214,258,88,56,59,302,440,370,81,386,157,137,499,116,224,168,206,247,21,123,118,84,92,474,43,415,29,97,96,276,262,415,81,63,366,245,54,60,53,144,138,148,167,280,310,97,141,76,172,96,33,144,147,167,145,176,229,128,105,135,27,33,35,44,515,55,70,392,114,181,59,74,70,57,320,29,468,136,82,25,131,73,234,150,1496,121,40,174,132,701,189,140,544,79,118,102,110,38,350,101,29,53,156,323,1098,3032,316,71,11,203,64,92,73,274,458,215,98,75,32,110,145,1168,248,413,98,55,54,62,1267,31,449,55,323,228,124,125,80,212,81,34,63,84,659,132,139,136,466,166,126,510,164,604,242,23,34,795,734,255,107,721,42,89,372,72,154,100,Cancer
S51,303,191,795,634,112,123,474,514,355,137,877,424,364,1983,854,12,92,9,202,60,58,21,100,46,29,110,252,146,124,222,1960,102,121,88,297,360,143,90,79,327,242,242,69,180,243,108,353,173,179,213,164,244,62,138,102,74,108,1214,75,313,22,133,180,175,326,311,106,108,283,140,36,50,48,345,154,448,180,158,123,162,240,67,82,86,71,251,140,180,213,192,314,188,140,125,37,36,42,32,156,69,115,767,66,212,43,163,54,86,249,28,217,159,78,53,135,54,260,136,872,143,66,160,217,820,484,141,1010,36,69,70,131,36,265,151,40,54,167,366,1056,1757,275,43,22,111,59,81,53,131,718,164,107,18,15,84,123,807,85,395,126,78,41,54,999,73,251,95,360,229,216,134,82,176,73,38,85,214,758,140,172,138,338,151,171,823,195,568,121,36,41,1045,1136,94,120,527,48,55,319,113,125,144,Cancer
S52,264,96,815,910,75,130,736,322,544,190,1138,707,467,2406,760,6,48,16,89,103,42,24,120,70,28,85,222,210,273,311,1742,118,108,67,136,341,102,56,43,254,342,454,46,128,129,224,355,142,351,220,201,218,38,95,78,48,153,685,75,567,29,92,229,304,668,404,135,88,348,126,42,49,82,265,155,262,49,280,211,138,249,76,96,73,35,390,95,221,412,239,326,113,56,131,38,26,38,33,422,27,136,550,93,299,70,141,63,173,492,31,204,210,107,34,90,46,193,176,548,166,49,259,214,412,435,260,509,42,101,44,139,37,464,83,28,93,158,368,927,2296,228,45,19,242,59,74,114,150,285,112,96,64,24,118,125,623,230,342,105,30,47,83,1063,82,184,46,344,385,94,180,114,212,84,36,26,151,1015,194,141,197,657,222,98,704,351,815,108,35,35,763,501,138,150,782,45,48,316,107,159,148,Cancer
S53,553,84,941,1368,57,209,621,443,399,154,1210,391,566,1562,834,12,68,16,260,67,30,27,243,71,23,170,330,234,156,284,1434,64,67,167,300,359,102,117,81,438,354,350,59,194,190,301,389,146,307,105,114,385,36,105,120,108,116,1134,73,433,25,77,266,151,246,319,74,90,634,219,33,40,49,289,154,160,90,187,397,96,223,132,107,129,33,281,74,134,163,182,443,117,94,194,29,46,52,59,263,98,82,356,66,417,84,112,32,93,438,23,231,166,95,53,189,91,219,168,565,131,81,232,219,422,285,178,656,41,58,37,53,12,278,247,76,37,225,244,737,1892,192,53,16,267,55,102,80,81,268,213,105,31,28,57,233,705,205,557,62,37,72,65,1359,39,402,45,428,276,146,159,103,263,161,38,58,251,666,127,158,196,387,217,140,253,324,325,163,82,34,795,1098,59,107,634,88,38,219,63,90,173,Cancer
S54,401,117,825,1137,70,112,453,275,291,181,1297,607,368,3316,1418,10,62,11,244,59,31,40,163,70,46,86,353,146,350,184,1093,78,76,49,140,435,122,91,97,189,302,235,110,130,135,115,215,204,326,237,284,601,34,98,54,77,109,844,43,422,25,104,134,398,575,209,132,38,458,72,36,36,66,298,108,271,87,272,314,77,171,131,138,73,30,250,72,90,221,329,249,148,110,288,34,45,28,69,218,51,80,742,100,320,83,86,78,113,339,5,202,188,149,53,192,51,200,226,546,143,50,200,161,400,551,235,728,38,87,60,111,52,245,74,26,27,162,294,1309,4959,129,119,14,193,43,136,88,125,246,181,175,54,42,141,118,1337,176,437,98,43,38,65,771,99,494,79,324,169,113,268,58,125,139,71,73,233,1057,185,64,201,667,194,104,346,185,1220,315,55,46,594,997,197,66,701,43,74,474,161,140,176,Cancer
S55,401,92,1006,1708,60,122,421,242,273,170,1454,956,290,1400,1232,8,104,21,221,68,30,23,125,98,50,107,352,168,362,329,953,126,119,134,212,684,134,36,60,294,221,282,98,182,156,189,344,196,418,183,117,241,30,143,130,113,121,786,40,445,21,98,470,294,228,369,104,61,642,165,35,41,44,379,169,115,186,187,307,146,280,97,93,91,52,366,67,121,378,210,263,113,107,93,23,41,42,84,385,82,130,514,75,309,73,151,79,107,468,44,334,170,58,32,123,106,229,95,651,124,32,219,164,455,350,259,501,39,93,57,73,27,235,86,30,105,120,325,2041,3021,201,55,24,329,54,88,47,125,276,175,109,74,21,86,79,948,106,332,152,75,46,182,911,105,191,67,256,236,147,143,106,182,91,64,28,144,701,198,207,190,502,144,108,404,216,693,189,33,27,847,308,116,68,867,43,54,271,84,117,118,Cancer
S56,358,126,726,956,74,170,344,381,467,223,1326,826,762,1578,542,15,141,37,105,50,25,29,87,31,75,119,297,197,250,149,982,112,48,78,228,417,116,50,45,289,298,168,86,171,144,99,423,112,279,121,172,361,44,156,95,78,63,629,56,585,22,122,189,384,256,400,76,66,171,150,54,82,41,208,145,452,179,205,342,151,224,57,112,79,42,167,116,192,343,119,521,93,69,111,45,45,43,48,140,92,115,835,124,166,37,133,41,92,263,41,274,225,60,35,109,92,81,104,675,244,29,123,207,995,381,235,577,46,74,62,129,26,340,121,32,22,149,499,1012,3028,163,57,15,204,74,125,63,104,483,179,95,79,26,118,97,1131,222,314,67,26,48,82,959,71,253,52,267,215,116,92,59,172,59,59,31,61,587,241,89,309,429,213,128,489,164,537,235,21,40,705,912,86,95,487,42,68,288,101,124,136,Cancer
S57,283,170,874,1256,79,153,333,250,474,140,735,786,308,1343,587,18,50,22,189,107,37,22,243,32,37,117,192,255,187,305,739,92,76,97,229,642,166,54,79,340,359,111,55,287,94,266,481,165,174,143,400,246,26,77,140,67,99,1007,62,315,20,148,174,170,184,221,75,39,235,88,31,83,55,219,191,264,129,189,309,201,312,45,120,85,54,190,63,179,316,278,348,151,128,106,32,49,41,58,331,65,95,587,92,233,73,88,82,114,298,28,263,314,62,37,169,92,120,158,818,175,58,150,246,467,477,265,886,58,54,59,104,29,432,130,19,89,225,257,870,4304,415,68,28,318,67,105,103,175,338,234,191,48,31,97,120,577,201,361,97,41,81,88,1184,41,322,89,400,230,140,206,82,272,67,99,38,201,862,157,143,191,426,204,59,714,272,843,104,36,49,2646,1189,188,117,496,71,55,203,73,192,122,Cancer
S58,443,124,666,1098,54,101,420,229,451,207,804,597,717,1314,859,17,103,15,142,61,37,25,111,86,38,69,240,189,176,122,1027,83,58,56,389,578,122,36,70,309,337,496,65,103,110,216,358,114,192,153,123,325,35,76,75,76,114,698,77,360,20,78,172,504,199,266,107,101,516,138,41,49,84,381,153,310,112,171,231,147,249,61,65,104,24,203,82,168,394,290,430,169,136,211,20,19,41,47,222,53,85,913,76,388,65,83,47,66,336,23,218,110,159,28,186,72,151,278,434,136,38,163,158,450,326,99,586,41,58,106,67,36,248,128,53,111,240,478,1787,3001,341,75,13,212,32,108,57,86,464,130,112,63,30,63,204,823,181,325,82,68,76,61,1064,48,273,27,369,236,110,162,66,303,75,43,24,109,803,174,150,291,805,133,111,485,192,740,101,67,49,591,665,96,97,584,46,77,388,109,142,143,Cancer
S59,406,103,758,1268,72,165,501,186,405,133,2583,704,436,3967,783,26,65,33,116,58,38,23,107,82,34,71,390,183,273,277,1515,42,109,68,236,416,85,70,37,259,317,379,56,294,209,147,248,139,296,119,264,217,29,104,65,78,154,666,60,424,20,109,191,356,353,287,161,92,402,118,57,48,89,440,233,457,74,109,270,112,227,52,155,180,59,320,127,103,261,415,241,124,134,190,25,31,35,56,277,46,168,556,199,362,55,146,64,54,330,22,178,197,47,24,178,92,152,149,551,121,45,130,220,582,311,454,610,50,55,41,146,27,211,86,22,34,171,466,1159,4354,311,64,29,175,66,87,132,129,333,210,92,66,29,97,166,582,178,327,197,56,49,50,1888,73,277,65,449,283,141,141,95,274,98,62,45,132,688,209,83,105,739,299,74,415,207,640,177,20,27,705,771,97,122,555,35,56,281,134,117,76,Cancer
S60,364,136,638,908,68,121,307,417,282,207,1239,813,387,808,523,25,97,14,149,47,39,14,206,86,47,156,229,486,146,180,1731,128,113,85,152,760,119,100,39,301,268,311,98,187,113,194,304,192,365,176,119,298,79,182,28,85,144,599,60,352,30,96,263,272,202,445,68,64,268,223,29,20,44,306,198,592,160,164,228,171,215,65,106,64,42,234,104,131,148,151,306,138,96,132,29,45,39,56,293,39,107,498,82,342,59,135,54,101,478,41,356,124,86,23,184,70,117,142,912,150,63,143,198,688,314,220,1130,46,87,49,89,35,301,108,37,44,223,390,1055,1470,270,62,12,242,44,130,63,73,453,156,118,37,26,69,87,1270,159,336,70,54,37,64,1125,49,276,38,381,239,96,148,90,150,104,34,42,165,608,123,191,281,325,109,124,396,346,788,195,35,39,503,1279,148,84,804,91,48,291,70,139,75,Cancer
